Problema,juarez-centroide,adham-clamp,adham-shrink,qin-wrapping,qin-reflection,qin-boundary-repair
R01,467.3865714,433.9287652,440.7730602,457.2794672,441.9367188,452.3902365
R02,6292.283465,7048.057116,7048.05765,1954.255728,7048.115242,7048.056818
R03,0,0,0,0,0,0
R06,1.467493704,0.402878565,0.523982991,1.228824428,0.844041286,0.644956932
