Métrica,Valor
Promedio de Fitness,449.0514981547527
Promedio de Violaciones,59885.95991657537
Precisión,85.26946563079018
