Métrica,Valor
Promedio de Fitness,431.14279410801265
Promedio de Violaciones,59222.177990218035
Precisión,114.80150113848985
