Métrica,Valor
Promedio de Fitness,485.1276322988667
Promedio de Violaciones,925651.7620728984
Precisión,217.48213760655872
