Métrica,Valor
Promedio de Fitness,449.2589445104098
Promedio de Violaciones,965939.8699093163
Precisión,184.5019324905414
