Métrica,Valor
Promedio de Fitness,428.716940687416
Promedio de Violaciones,1.9195340428268538e-10
Precisión,172.12895920481498
