Métrica,Valor
Promedio de Fitness,431.3977889038913
Promedio de Violaciones,1.2804430729308926e-09
Precisión,204.7529840633572
