Métrica,Valor
Promedio de Fitness,423.52853845920345
Promedio de Violaciones,7.169829880582615e-10
Precisión,171.41557551269955
