Métrica,Valor
Promedio de Fitness,447.7683340299019
Promedio de Violaciones,2.548022350446533e-10
Precisión,162.4103316484999
