Métrica,Valor
Promedio de Fitness,409.376220978156
Promedio de Violaciones,30.53664871463776
Precisión,71.28124077129681
