Métrica,Valor
Promedio de Fitness,398.6851604349634
Promedio de Violaciones,28.633948355793805
Precisión,77.36300876167333
