Métrica,Valor
Promedio de Fitness,414.75114773388714
Promedio de Violaciones,0.06152443619178883
Precisión,131.79355860552513
