Métrica,Valor
Promedio de Fitness,419.8190655760521
Promedio de Violaciones,0.10657996694488503
Precisión,157.41805923837458
