Métrica,Valor
Promedio de Fitness,475.8043880847556
Promedio de Violaciones,2.3997927200980486e-10
Precisión,173.58014328060028
