Métrica,Valor
Promedio de Fitness,460.41266139703964
Promedio de Violaciones,2.0809921972960836e-10
Precisión,165.21852845607788
