Métrica,Valor
Promedio de Fitness,486.1947075530429
Promedio de Violaciones,4.038717315764482e-10
Precisión,186.6654234271841
