Métrica,Valor
Promedio de Fitness,380.1785581511869
Promedio de Violaciones,3.3094457365667468e-09
Precisión,147.85944206063547
