Métrica,Valor
Promedio de Fitness,507.41986455337195
Promedio de Violaciones,9.313225746154786e-11
Precisión,148.68359768527458
