Métrica,Valor
Promedio de Fitness,447.89636548849967
Promedio de Violaciones,1.4036663742444944e-09
Precisión,176.51211257021885
