Métrica,Valor
Promedio de Fitness,529.0689622798843
Promedio de Violaciones,966540.2331062375
Precisión,179.3513201168014
