Métrica,Valor
Promedio de Fitness,513.8641361888035
Promedio de Violaciones,951225.5481377752
Precisión,174.671238863755
