Métrica,Valor
Promedio de Fitness,447.0773578299831
Promedio de Violaciones,3.7822246667928995e-10
Precisión,156.83282571148519
