Métrica,Valor
Promedio de Fitness,401.9397545178719
Promedio de Violaciones,3.911645762855187e-10
Precisión,163.0955041199892
