Métrica,Valor
Promedio de Fitness,424.155559851576
Promedio de Violaciones,0.03835488687703941
Precisión,137.1642880000218
