Métrica,Valor
Promedio de Fitness,441.39003574550685
Promedio de Violaciones,0.04686418808988782
Precisión,144.63569518712123
